grid_id,TEM_mean,TEM_std,pct_TEM_mean,TEM_cv
250,0.517,0.23706740165248508,0.517,0.45854429720016454
276,3.3801428571428573,0.5398438791429466,3.3801428571428573,0.15971037377966385
277,0.7374666666666666,0.30892719174163435,0.7374666666666666,0.41890326126600214
302,7.357,0.9737971529654318,7.357,0.13236334823507295
303,1.2083255813953488,0.1463665928826652,1.2083255813953488,0.12113175052839993
304,0.8624545454545455,0.26030383481765196,0.8624545454545455,0.3018174536728335
329,5.767764705882353,0.6074011263670717,5.767764705882353,0.10530962293721921
330,2.214413793103448,0.14498280542327313,2.214413793103448,0.06547231862211407
331,0.80104,0.16482370006831062,0.80104,0.20576213431078427
332,0.8891891891891892,0.3185750319101475,0.8891891891891892,0.3582758717530534
356,7.8308,1.0040056846600318,7.8308,0.1282124029039219
357,1.7182264150943396,0.12908647248567376,1.7182264150943396,0.07512774297477334
358,0.8721538461538462,0.23038038253182974,0.8721538461538462,0.26415108245843943
359,0,0,0,0
384,1.047,0.5966598746455337,1.047,0.569875715993824
385,0.8857222222222222,0.16153353929380027,0.8857222222222222,0.18237494243796054
386,0.1912222222222222,0.08157303581574149,0.1912222222222222,0.4265876364565215
412,1.1108125,0.3220847931005798,1.1108125,0.289954238992251
413,0.5125925925925926,0.2577289398526415,0.5125925925925926,0.502794897111367
414,0,0,0,0
415,0,0,0,0
439,1.6235,0.3431300430637134,1.6235,0.2113520437719208
440,0.12644444444444444,0.14171148537003622,0.12644444444444444,1.1207410969510774
467,0.44,0.6597503626995322,0.44,1.4994326424989368
469,1.214,1.9087930694456976,1.214,1.5723171906471973
470,0,0,0,0
494,0.9449090909090909,0.38473544812525123,0.9449090909090909,0.40716662780236323
498,0.001,0.015795537281016812,0.001,15.795537281016813
521,0.0485,0.1276924458276326,0.0485,2.6328339345903626
548,3.4797142857142855,1.0074345939897202,3.4797142857142855,0.28951646924739477
549,0.108,0.16583761739061104,0.108,1.5355334943575096
552,0,0,0,0
576,0.7845714285714286,0.5484563649724211,0.7845714285714286,0.6990521767674704
579,0,0,0,0
580,0,0,0,0
602,0.16733333333333333,0.22874971177917555,0.16733333333333333,1.3670301500747544
603,1.4586666666666666,0.17131916433280586,1.4586666666666666,0.11744915287898026
606,0.394,0.48912420198753187,0.394,1.2414319847399287
630,1.0156991150442478,0.10508301833949958,1.0156991150442478,0.10345880663184565
631,0.179,0.17326003023245812,0.179,0.9679331297902689
633,0,0,0,0
634,0,0,0,0
657,0.530390243902439,0.09537822930202851,0.530390243902439,0.17982651528479576
658,2.4264,0.9548227127721938,2.4264,0.39351414143265484
659,0,0,0,0
661,0.404,0.5111815853749555,0.404,1.2653009538984046
662,0.0035,0.04019927815182576,0.0035,11.485508043378788
684,0.3450576923076923,0.05891657126069823,0.3450576923076923,0.17074411779280543
685,8e-4,0.01263642982481345,8e-4,15.795537281016811
688,0.372,0.5071898996428365,0.372,1.3634137087173024
711,1.2309503546099292,0.12111622642171593,1.2309503546099292,0.09839245422703985
712,0.6491428571428571,0.39381085600468774,0.6491428571428571,0.6066628503593341
715,0.093,0.12701679626358922,0.093,1.3657720028342928
739,0.7586433566433567,0.08758291741911664,0.7586433566433567,0.11544675986702135
740,3.003,0.8908300378369745,3.003,0.29664669924641174
744,0.098,0.33259169332522104,0.098,3.3937927890328674
765,1.506525,0.12574024054049826,1.506525,0.08346375967242381
766,2.556,0.6704573260484996,2.556,0.26230724806279326
767,0.137,0.22322782380932107,0.137,1.6294001737906647
769,0.0026666666666666666,0.03645380614128784,0.0026666666666666666,13.67017730298294
770,0.7265,0.5015734261338086,0.7265,0.6903970077547262
771,0.01,0.0700701051753068,0.01,7.007010517530681
792,5.472,3.3965112361295535,5.472,0.620707462742974
793,0.8223,0.14856599108616625,0.8223,0.18067127701102548
794,1.2805714285714285,0.24960416087740978,1.2805714285714285,0.19491623450935616
797,0.057,0.17120052347605996,0.057,3.00351795572035
798,3.341,1.7393301984034417,3.341,0.5206016756669984
821,1.813,0.4737931615376479,1.813,0.26133103228772636
822,1.508,0.41383343032292635,1.508,0.27442535167302806
823,1.962,1.997131209042677,1.962,1.0179058150064613
825,5e-4,0.011180339887498949,5e-4,22.360679774997898
826,0,0,0,0
846,1,1.4028313768031733,1,1.4028313768031733
847,0.7185714285714285,0.2186126743125547,0.7185714285714285,0.3042323499379489
848,1.5855,0.2827979833711648,1.5855,0.17836517399631965
849,0.853,0.5200306372969337,0.853,0.6096490472414229
852,0.07333333333333333,0.14297161173997813,0.07333333333333333,1.9496128873633383
853,0,0,0,0
874,0.379,0.4125522982575605,0.379,1.0885284914447506
875,2.476,0.44297819642224706,2.476,0.17890880307845197
876,1.518,0.7439419102310766,1.518,0.49008030977014266
877,0.019,0.09569385888999626,0.019,5.036518888947172
879,1,1.2834697461094893,1,1.2834697461094893
880,0.013,0.07964726847010824,0.013,6.126712959239096
902,0.36160000000000003,0.18599631517456747,0.36160000000000003,0.5143703406376312
903,2.237111111111111,0.3079885123247151,2.237111111111111,0.13767242529663434
904,0.8486666666666667,0.17652349222933447,0.8486666666666667,0.20800097277612073
905,2.814,1.0666205317344284,2.814,0.3790407006874301
907,2.346,1.0104831281642506,2.346,0.4307259710845058
909,0,0,0,0
928,6.633,1.1689927665201152,6.633,0.17623892153175263
929,4.54625,0.345606097529107,4.54625,0.07602003794976234
930,0.5233333333333333,0.2038102863478631,0.5233333333333333,0.38944640703413336
931,4.288,0.31464902354215574,4.288,0.07337897004248034
934,1.1905,0.8028847974622462,1.1905,0.6744097416734534
935,0.002,0.044721359549995794,0.002,22.360679774997898
956,2.498,0.6113456362598394,2.498,0.2447340417373256
957,1.9206666666666667,0.6157362675620719,1.9206666666666667,0.3205846585710197
958,1.3595,0.3760552953627175,1.3595,0.2766129425249853
959,4.5635,0.45138702961095595,4.5635,0.09891246403220245
960,5.62,1.782182530316396,5.62,0.31711432923779287
961,0,0,0,0
962,0.099,0.26427008410849195,0.099,2.669394788974666
983,3.901,0.8468372137152843,3.901,0.21708208503339768
984,5.5544,0.2739173258536333,5.5544,0.04931537625191439
985,1.995142857142857,0.600206568124899,1.995142857142857,0.3008338806296931
986,0.6614285714285714,0.14702619764294317,0.6614285714285714,0.2222858279698925
987,4.1756,0.338990367028144,4.1756,0.08118363038321295
988,4.18,2.4469522165952897,4.18,0.5853952671280598
989,0.17,0.37600899660920634,0.17,2.2118176271129784
1010,3.038,0.8637407575148836,3.038,0.2843122967461763
1011,5.735,0.36095092622444475,5.735,0.06293826089353875
1012,2.92675,0.5446986145212072,2.92675,0.18611040045142466
1013,3.328,0.4555734229189145,3.328,0.13689105255977
1014,3.3866666666666667,1.2997781699299682,3.3866666666666667,0.3837927667116048
1037,0.688,0.24243256195112978,0.688,0.35237290981268865
1038,7.653,0.8169613526375693,7.653,0.10675047074840838
1039,8.713333333333333,1.0096616319340739,8.713333333333333,0.11587547420819518
1040,2.115,0.9485908756142435,2.115,0.448506324167491
1041,5.226,0.2921209840779627,5.226,0.05589762420167675
1042,2.9185,1.2772021141859113,2.9185,0.43762279053825986
1044,0.748,0.346028136055269,0.748,0.46260445996693716
1064,5.59,0.7069571881100933,5.59,0.12646819107515087
1065,2.403,0.3156320333779859,2.403,0.13134916078984016
1066,3.842,0.878395786827688,3.842,0.22862982478596774
1067,4.4255,0.7400473567146637,4.4255,0.16722344519594703
1068,2.586,0.5679034555204194,2.586,0.21960690468693714
1069,0.911,0.9769790048675068,0.911,1.0724248132464398
1070,3.39,1.2643326596067574,3.39,0.37295948660966294
1072,0,0,0,0
1091,1.1074,0.16900774311986105,1.1074,0.15261670861464788
1092,1.578,0.8540343959695054,1.578,0.5412131786878994
1093,3.234,1.864456058153576,3.234,0.5765170247846556
1094,4.685714285714286,0.8734960666838325,4.685714285714286,0.1864168434995984
1095,1.0244,0.2941729345654724,1.0244,0.28716608216075007
1096,0.736,0.48684498156204126,0.736,0.6614741597310343
1097,5.056,1.9058143289714835,5.056,0.3769411251921447
1118,2.3795102040816327,0.2666670436524979,2.3795102040816327,0.11206803954657446
1119,1.1672596153846153,0.09958865983866429,1.1672596153846153,0.08531834608691533
1120,9.995,1.0953879447478863,9.995,0.10959359127042384
1121,5.156666666666666,0.7279834612404869,5.156666666666666,0.14117326333041116
1122,9.56,0.5450450883152633,9.56,0.05701308455180579
1123,2.42275,0.4911554283621624,2.42275,0.20272641765025792
1124,3.0646666666666667,1.5434176537430007,3.0646666666666667,0.5036168110973464
1146,0.843302752293578,0.09527570357498799,0.843302752293578,0.11297923944379559
1147,1.1946622516556291,0.06259221444928965,1.1946622516556291,0.05239323027286239
1148,7.363,1.9034777264023395,7.363,0.25851931636592956
1149,3.4513333333333334,0.6769977734852171,3.4513333333333334,0.19615542982959736
1150,4.516,0.5251094403008105,4.516,0.11627755542533448
1151,4.654571428571429,0.47166829741025657,4.654571428571429,0.10133442028947873
1152,4.448,1.0024898862052862,4.448,0.22537992045982153
1153,3.734,2.283346522691063,3.734,0.6115014790281369
1154,0,0,0,0
1172,1.252857142857143,0.18155818827872772,1.252857142857143,0.1449153156158602
1173,0.8398029556650246,0.05797060014661105,0.8398029556650246,0.06902881176538035
1174,1.5226238532110092,0.11630562661951985,1.5226238532110092,0.07638500235908356
1175,5.45,0.6362027604067296,5.45,0.11673445145077607
1176,6.976,0.5324387119321132,6.976,0.07632435664164468
1177,4.625333333333334,0.6487766608353159,4.625333333333334,0.14026592551931014
1178,8.138666666666667,1.1353975464613062,8.138666666666667,0.13950657926703466
1179,5.935,1.46836207195252,5.935,0.2474072572792789
1180,0.002,0.044721359549995794,0.002,22.360679774997898
1184,0,0,0,0
1199,6.360456140350877,0.56238045972662,6.360456140350877,0.08841825921239606
1200,1.1585031847133758,0.08678646805077861,1.1585031847133758,0.07491258478693813
1201,2.383212121212121,0.2609740566781192,2.383212121212121,0.10950517344019954
1202,1.3362409638554216,0.07216786469885399,1.3362409638554216,0.05400812177665165
1203,9.270666666666667,1.3653738773622777,9.270666666666667,0.147278931111996
1204,1.5693333333333332,0.7114028153649634,1.5693333333333332,0.45331530290885524
1205,2.8715,0.5364240407578746,2.8715,0.1868096955451418
1206,4.638333333333334,1.3317991758355232,4.638333333333334,0.2871288197992504
1207,4.254,2.9366190530822776,4.254,0.690319476512054
1208,0.53,0.9158479978196276,0.53,1.7280150902257123
1211,0.2825,0.27968768367735036,0.2825,0.9900448979729217
1215,0,0,0,0
1226,4.532452830188679,0.4558856033069319,4.532452830188679,0.10058253673827072
1227,1.1179425287356322,0.10363358875721673,1.1179425287356322,0.0927002829693079
1228,3.548,1.002849647170332,3.548,0.28265209897698196
1229,2.1738842105263156,0.17300581828961184,2.1738842105263156,0.07958373194482408
1230,5.0165,0.35005045442233407,5.0165,0.0697798174867605
1231,11.273333333333333,1.6097703248523774,11.273333333333333,0.1427945291116834
1232,8.8764,0.49704844261763587,8.8764,0.055996625052683054
1233,3.5405714285714285,0.48056038614593566,3.5405714285714285,0.13572961196826783
1234,5.485,1.3433667662023927,5.485,0.24491645691930586
1235,0.002,0.044721359549995794,0.002,22.360679774997898
1236,0.024,0.15320229072624056,0.024,6.383428780260023
1239,0.11466666666666667,0.22274976349369086,0.11466666666666667,1.9425851467473039
1242,0.002,0.03330660250839788,0.002,16.653301254198936
1243,0.38,0.5068172525229482,0.38,1.3337296119024953
1253,2.5497101449275363,0.17653060590028713,2.5497101449275363,0.06923555850122101
1254,0.5038715596330275,0.037730570502218154,0.5038715596330275,0.07488132596667599
1255,2.559423076923077,0.2147719262192916,2.559423076923077,0.08391419463072479
1256,1.8875903614457832,0.08086320513831753,1.8875903614457832,0.04283938230982546
1257,6.9185,0.5787076594535625,6.9185,0.08364640593388198
1258,5.5263333333333335,0.5309670074846322,5.5263333333333335,0.09607943919741219
1259,4.246,0.8398778420574973,4.246,0.19780448470501583
1260,4.507,0.5586368680105183,4.507,0.12394871710905665
1261,6.916333333333333,1.6032177549838158,6.916333333333333,0.231801689958622
1265,0.128,0.20035150584968636,0.128,1.5652461394506747
1266,0.002,0.044721359549995794,0.002,22.360679774997898
1269,0.172,0.24399809454231514,0.172,1.4185935729204369
1280,2.0865390070921985,0.1609549882829496,2.0865390070921985,0.07713969771754065
1281,2.4255696202531647,0.17523939622335147,2.4255696202531647,0.07224669816117715
1282,0.9419344262295082,0.04955255178159027,0.9419344262295082,0.052607220207403785
1283,1.5525195729537367,0.08434380477922727,1.5525195729537367,0.054327047625402546
1284,2.223333333333333,0.24815058529352413,2.223333333333333,0.11161195740338417
1285,7.331333333333333,1.0525051495052296,7.331333333333333,0.14356258290968849
1286,9.9485,0.7352236786961033,9.9485,0.07390296815561173
1287,0.212,0.2649460186256271,0.212,1.2497453708755997
1288,2.7563333333333335,0.3706768920125717,2.7563333333333335,0.1344818812477585
1289,1.928,1.2485727322569042,1.928,0.6475999648635395
1290,3.332,1.3417811868956182,3.332,0.4026954342423824
1293,0.003,0.0386521406386749,0.003,12.8840468795583
1296,0,0,0,0
1297,0.0985,0.15563159185965278,0.0985,1.5800161610117032
1307,1.249939393939394,0.2292017405219021,1.249939393939394,0.1833702830979143
1308,2.8,0.2327128883934481,2.8,0.0831117458548029
1309,0.204,0.03836821571190511,0.204,0.1880794887838486
1310,1.21003007518797,0.06747789568577246,1.21003007518797,0.05576546985849937
1311,1.740952380952381,0.08683910629710832,1.740952380952381,0.04988023064111802
1312,2.945263157894737,0.24541154178403543,2.945263157894737,0.08332414749636656
1313,8.639,1.5524171469022081,8.639,0.17969870898277673
1314,8.731,0.4506052487270435,8.731,0.05160980972706947
1315,2.997,0.7047939194813444,2.997,0.23516647296674822
1316,4.1685,1.1321644503716635,4.1685,0.27159996410499304
1317,1.48,0.7841107442948587,1.48,0.5298045569559856
1320,0.8853333333333333,0.5192427214563036,0.8853333333333333,0.5864940377894995
1321,0.004,0.04458672394226568,0.004,11.14668098556642
1334,0.5504831460674158,0.06742834896503072,0.5504831460674158,0.12248939762594113
1335,1.7354893617021276,0.13316449906477124,1.7354893617021276,0.07673023067924
1336,0.673,0.10399448026734097,0.673,0.1545237448251723
1337,1.447553903345725,0.08491685337144196,1.447553903345725,0.058662308308639846
1338,2.4534333333333334,0.12873734218638,2.4534333333333334,0.05247232131287312
1339,2.865,0.48139222776641066,2.865,0.1680252103896721
1340,10.500666666666667,0.8450410706257482,10.500666666666667,0.08047499244102738
1341,0,0,0,0
1342,0.92125,0.3592008323709062,0.92125,0.3899059238761533
1343,2.0886666666666667,0.7290642117160641,2.0886666666666667,0.34905723510185
1345,2.874,1.084655223519352,2.874,0.3774026525815421
1347,0.4655,0.3088292424658067,0.4655,0.6634355369834729
1351,0.08533333333333333,0.19526344045394514,0.08533333333333333,2.28824344281967
1361,1.591313432835821,0.16417507737819267,1.591313432835821,0.10316954158152385
1362,2.3851612903225807,0.1509567076088562,2.3851612903225807,0.06328993692013177
1364,0.9825725806451613,0.06663707933663103,0.9825725806451613,0.06781898930344346
1365,1.4017435897435897,0.07960414308187164,1.4017435897435897,0.0567893755065668
1366,2.7521935483870967,0.21352427748615238,2.7521935483870967,0.07758330718102538
1367,2.5744000000000002,0.21780615013831942,2.5744000000000002,0.08460462637442487
1368,18.732,0.4610869792184655,18.732,0.02461493589677907
1369,10.78,0.6741728398831208,10.78,0.0625392244789537
1370,3.012,0.38839616464693016,3.012,0.12894958985621852
1371,0.6185,0.5025812629333722,0.6185,0.8125808616546034
1372,2.0995,1.2609141759526048,2.0995,0.6005783167195069
1389,0.7708888888888888,0.13557758325283675,0.7708888888888888,0.1758717568860667
1390,0.151,0.14440157457795358,0.151,0.9563018183970436
1391,1.369,0.33250581985956423,1.369,0.242882264324006
1392,1.914179104477612,0.1814689413597807,1.914179104477612,0.09480248788386204
1393,1.1268347826086957,0.07348388497216861,1.1268347826086957,0.06521265238374045
1394,4.8344,1.1630658124836861,4.8344,0.24058121224633588
1395,3.1466666666666665,0.7761187255232096,3.1466666666666665,0.24664790006034204
1396,1.4693333333333334,0.57537379058023,1.4693333333333334,0.39158833297202583
1397,4.826,1.1055172258600707,4.826,0.22907526437216552
1398,5.1112,0.5062678879295994,5.1112,0.09905069023509144
1399,2.0245,0.9510961664498871,2.0245,0.4697931175351381
1400,0.9146666666666666,0.7045407328020455,0.9146666666666666,0.7702704804687087
1402,0.09066666666666666,0.14847851533744336,0.09066666666666666,1.6376306838688606
1415,2.759,0.6166193630415409,2.759,0.2234937887066114
1416,3.850102564102564,0.2503027354920282,3.850102564102564,0.06501196560990116
1417,3.538,0.6335287818519927,3.538,0.17906409888411326
1418,1.1745,0.10372447895781468,1.1745,0.08831373261627473
1419,2.3799335793357934,0.13978972208386176,2.3799335793357934,0.058736816563962735
1420,2.1200833333333335,0.14945391113724507,2.1200833333333335,0.07049435689033216
1421,2.34,0.8159236869498592,2.34,0.34868533630335863
1423,1.4123076923076923,0.3655875966580117,1.4123076923076923,0.2588583200737556
1424,0.69,0.11086898033433996,0.69,0.16067968164397098
1425,1.283,0.8281198977987791,1.283,0.6454558829296798
1426,3.6386666666666665,1.4804050791579964,3.6386666666666665,0.40685372274404447
1427,0.2568,0.3069889973418884,0.2568,1.1954400208017462
1429,0.203,0.3585360458759827,0.203,1.766187418108289
1442,3.5775,0.6004914069824142,3.5775,0.1678522451383408
1443,1.711774834437086,0.08576733365197606,1.711774834437086,0.05010433143806585
1444,0.1345,0.039115182410286414,0.1345,0.2908192000764789
1445,0.6131333333333333,0.05922722868854441,0.6131333333333333,0.09659763295946136
1446,4.59025,0.2596469302133928,4.59025,0.05656487777645941
1447,1.2872608695652175,0.08799911913092331,1.2872608695652175,0.06836152734188658
1448,3.4095135135135135,0.2259314900888188,3.4095135135135135,0.06626502261784431
1449,2.26,0.8183761231597094,2.26,0.36211332883172986
1450,1.874,0.887524308848831,1.874,0.4735988841242428
1451,4.038230088495575,0.22834829100367696,4.038230088495575,0.05654662711127169
1452,5.636,0.4545737283973835,5.636,0.08065538119187074
1453,2.0305,0.7902174620157094,2.0305,0.3891738300988473
1454,1.904,1.0153057132621512,1.904,0.5332487989822223
1456,0.7,0.4954704652791404,0.7,0.7078149503987721
1457,0.254,0.31572672793646556,0.254,1.2430186139230928
1470,3.6415238095238096,0.43236967732415,3.6415238095238096,0.11873317323735681
1471,1.247766990291262,0.10423954603844184,1.247766990291262,0.08354087489853337
1472,0.2873012048192771,0.04094503955806533,0.2873012048192771,0.1425160732751582
1473,0.21777777777777776,0.08646780764295395,0.21777777777777776,0.39704605550336
1474,3.512839024390244,0.1789739303961889,3.512839024390244,0.05094851462123433
1475,3.8376190476190475,0.24338087602470798,3.8376190476190475,0.06341975923214875
1476,2.779757575757576,0.24547215580234552,2.779757575757576,0.08830703725501898
1477,1.321,0.9149498710492647,1.321,0.6926191302416842
1478,0.812,0.23859978985623367,0.812,0.2938421057342779
1479,5.833982608695652,0.24715412157037048,5.833982608695652,0.04236456262347834
1480,4.502,0.41028364009628915,4.502,0.091133638404329
1481,2.8104,0.7988292033923051,2.8104,0.2842403940336981
1482,2.8745714285714286,0.3837928624524924,2.8745714285714286,0.1335130721184498
1484,1.4786666666666666,0.6125227718786606,1.4786666666666666,0.41423992687916633
1497,3.2167499999999998,0.22125541365232607,3.2167499999999998,0.06878228449594345
1498,0.43119607843137253,0.05764073062775048,0.43119607843137253,0.13367637951958866
1499,0.5727640449438203,0.04410199880752656,0.5727640449438203,0.07699854625450925
1500,3.2307878787878788,0.163016285433453,3.2307878787878788,0.05045713044293492
1501,2.3333333333333335,0.1952249183566772,2.3333333333333335,0.08366782215286166
1502,1.9350123456790123,0.13057154561045534,1.9350123456790123,0.0674784044153665
1503,0.062,0.24139706934878136,0.062,3.8935011185287314
1504,0.985,0.5607172260732057,0.985,0.5692560670793967
1505,2.2588114285714287,0.062448961222428816,2.2588114285714287,0.027646823649163255
1506,2.448304568527919,0.1152567364383281,2.448304568527919,0.04707614318901018
1507,2.0460000000000003,0.3925712985546674,2.0460000000000003,0.1918725799387426
1508,1.311,0.9558275013959631,1.311,0.7290827623157613
1509,0.33466666666666667,0.021060716374689082,0.33466666666666667,0.0629304274144096
1510,2.558,0.6351715404294678,2.558,0.24830787350643777
1511,4.783,0.6012214798799785,4.783,0.1256996612753457
1524,0.378,0.4853732320067696,0.378,1.2840561693300783
1525,2.6950232558139535,0.1784112225157182,2.6950232558139535,0.06620025342298365
1526,0.30684324324324325,0.041956441804342354,0.30684324324324325,0.13673575263015422
1527,1.7051578947368422,0.12710443703843352,1.7051578947368422,0.07454115389006225
1528,3.1765882352941177,0.11677602685212908,3.1765882352941177,0.03676146173264313
1529,2.066114285714286,0.09711979989410556,2.066114285714286,0.047006015381443354
1530,1.4763040935672516,0.07553712817577954,1.4763040935672516,0.051166374532807944
1532,0.8612727272727273,0.22741522222684493,0.8612727272727273,0.2640455398453973
1533,3.4138610038610038,0.1006783526941073,3.4138610038610038,0.02949105209035817
1534,2.0856435643564355,0.058599776805098376,2.0856435643564355,0.028096736089793194
1535,5.57775,0.47348131601281424,5.57775,0.08488751127476388
1536,0.4568,0.33159262255766386,0.4568,0.7259032893118736
1537,7.904,0.9362355868841435,7.904,0.11845085866449184
1538,5.088,0.7598022689256845,5.088,0.14933220694294114
1539,1.8346341463414635,0.06077046482006071,1.8346341463414635,0.03312402363231174
1552,2.6326753246753247,0.15843357122084908,2.6326753246753247,0.060179684800436964
1553,0.3814054054054054,0.04848238693964364,0.3814054054054054,0.1271151018117074
1554,0.2986846846846847,0.02766976038951338,0.2986846846846847,0.09263869829390074
1555,1.5701005025125627,0.061901509049489836,1.5701005025125627,0.039425188992954004
1556,3.240190476190476,0.18340415534034935,3.240190476190476,0.056602893159534075
1557,3.9622105263157894,0.19154544192162903,3.9622105263157894,0.04834307532359597
1558,3.214,0.4140480170339043,3.214,0.12882638986742512
1560,0.7453214285714286,0.04743237309240611,0.7453214285714286,0.0636401574865768
1561,1.8071455696202532,0.051776060639801315,1.8071455696202532,0.028650741539698623
1562,1.8353333333333333,0.03649653857545002,1.8353333333333333,0.01988550957616238
1563,2.0573333333333332,0.6533758659965607,2.0573333333333332,0.31758386227959856
1564,9.67,0.8405432921938668,9.67,0.08692278099212687
1565,7.300666666666666,0.36374251502191624,7.300666666666666,0.04982319172065331
1566,5.0456666666666665,0.3199955118255729,5.0456666666666665,0.0634198675745999
1567,6.035428571428572,0.22330462242997376,6.035428571428572,0.03699896698091783
1578,8.217,0.7694410461441652,8.217,0.09364014191848183
1579,10.82,1.9898540243133798,10.82,0.183905177847817
1580,0.3922429906542056,0.06349462474036421,0.3922429906542056,0.1618757409392178
1581,1.2936864864864865,0.0487880002402792,1.2936864864864865,0.03771238298452213
1582,0.5664739884393064,0.05138271079618337,0.5664739884393064,0.09070621395652777
1583,3.3413513513513515,0.13533115105477397,3.3413513513513515,0.04050192177486562
1584,5.757333333333333,0.8921473897519364,5.757333333333333,0.1549584396280575
1585,0.752,0.589228631994002,0.752,0.7835487127579813
1586,0,0,0,0
1587,0.7087511737089202,0.02012735955168201,0.7087511737089202,0.028398343873428555
1588,1.6804784853700516,0.035939499170351,1.6804784853700516,0.021386467891873606
1589,4.44702,0.14963321756748799,4.44702,0.033647974951200574
1590,4.0232,0.34667293555813816,4.0232,0.08616845683986334
1591,8,0,8,0
1592,15.964666666666666,0.18480583129178532,15.964666666666666,0.011575927963322253
1593,3.5901619047619047,0.0724781562107278,3.5901619047619047,0.02018799099689474
1606,2.5366666666666666,0.4636232951289647,2.5366666666666666,0.18276871030051173
1607,3.498516129032258,0.29617133184769395,3.498516129032258,0.08465627166613045
1608,0.5842371541501976,0.06432450810105264,0.5842371541501976,0.11009999559958812
1609,0.618012987012987,0.07913897990535623,0.618012987012987,0.12805391078892198
1610,1.9126197183098592,0.0927986087097765,1.9126197183098592,0.048519111154924535
1611,8.596,2.3141942420592008,8.596,0.2692175712027921
1612,5.881,1.3010474429849956,5.881,0.22122894796548132
1613,0,0,0,0
1614,0.3113333333333333,0.08938696743102063,0.3113333333333333,0.28711017376130826
1615,1.3961924686192468,0.03672008574870903,1.3961924686192468,0.026300160310292364
1616,4.296411764705883,0.09260411051775239,4.296411764705883,0.02155382574791263
1617,6.9196,0.21341727640407995,6.9196,0.030842429678605694
1618,4.8085,0.19500976287158153,4.8085,0.04055521740076563
1619,8,0,8,0
1620,2.5870508474576273,0.07245053607128046,2.5870508474576273,0.02800506845177774
1621,3.0720183486238533,0.12848747090885168,3.0720183486238533,0.041825098787710416
1635,2.705416666666667,0.3104273396237401,2.705416666666667,0.11474289467071865
1636,0.49822222222222223,0.0981813396078434,0.49822222222222223,0.19706334890066693
1637,1.2480213903743316,0.0539787533963609,1.2480213903743316,0.043251464928954875
1638,2.041578947368421,0.1342778898997449,2.041578947368421,0.06577158824684592
1639,0.921,1.1039458287368866,0.921,1.19863825052865
1640,0.079,0.08481383597943849,0.079,1.0735928604992213
1641,0.002,0.044721359549995794,0.002,22.360679774997898
1642,0.1579873417721519,0.015719783465295185,0.1579873417721519,0.09950027191397481
1643,1.6515720164609053,0.049973949322422086,1.6515720164609053,0.03025841369576452
1644,3.510846975088968,0.06636942236328712,3.510846975088968,0.01890410571415043
1646,5.721333333333333,0.2563172021682623,5.721333333333333,0.04480025672947955
1647,3.6224827586206896,0.07890275728451356,3.6224827586206896,0.021781403126555354
1648,2.429298969072165,0.06656570861394813,2.429298969072165,0.02740120070086389
1660,4.262666666666667,1.9124414233457692,4.262666666666667,0.4486490670970681
1661,3.5675,1.9671191793410645,3.5675,0.5513999101166264
1662,1.3363864406779662,0.09065179683122314,1.3363864406779662,0.06783352035900207
1663,0.3993782383419689,0.06516271385019388,0.3993782383419689,0.16316040183040245
1664,2.358831615120275,0.11177906083771501,2.358831615120275,0.04738746933914377
1665,7.604,0.8151766839477833,7.604,0.10720366701049228
1666,0,0,0,0
1667,0.29177777777777775,0.07818261532447124,0.29177777777777775,0.2679526039300233
1668,0,0,0,0
1669,0.867,0.0430243140233871,0.867,0.04962435296815121
1670,1.7405444444444444,0.0548477500648552,1.7405444444444444,0.031511835414442274
1671,3.6374,0.07996266663957763,3.6374,0.021983468037493164
1672,6.846,0.25173545932777525,6.846,0.03677117431022133
1673,1.5832093023255813,0.04156422704479773,1.5832093023255813,0.026253147315231096
1674,1.1598051282051283,0.03243311166997926,1.1598051282051283,0.027964276826548912
1675,2.760666666666667,0.17890161921148384,2.760666666666667,0.06480377416499052
1689,3.529634703196347,0.23232036122057317,3.529634703196347,0.06581994476940908
1690,0.6153529411764705,0.1599952683648298,0.6153529411764705,0.2600056937388497
1691,1.151845117845118,0.07736112198182535,1.151845117845118,0.06716278150881363
1692,1.04824,0.06912640102476965,1.04824,0.06594520436614673
1694,0.058666666666666666,0.14810613224432098,0.058666666666666666,2.524536345073653
1695,0.07854545454545454,0.060739029454441866,0.07854545454545454,0.7732978287023848
1696,0.14817777777777777,0.025766903164644327,0.14817777777777777,0.17389181799774966
1697,0.7385454545454545,0.057406398340324696,0.7385454545454545,0.07772899824514669
1698,2.4610854700854703,0.0592621755917511,2.4610854700854703,0.024079690166019713
1699,2.8264,0.14361158928566423,2.8264,0.05081078024542323
1700,4.67475,0.2828935223542242,4.67475,0.060515219499272514
1701,1.0781676300578034,0.03178530982080258,1.0781676300578034,0.0294808608000024
1702,1.112875,0.08595187666935344,1.112875,0.07723407990057593
1716,0,0,0,0
1717,3.026448780487805,0.1658348189286654,3.026448780487805,0.054795184375113076
1718,1.537048888888889,0.05921095663711976,1.537048888888889,0.03852249402419628
1719,1.0857924528301888,0.06458088981470238,1.0857924528301888,0.059478116325424886
1721,0.116,0.383194043991685,0.116,3.3033969309628017
1722,0.056666666666666664,0.07903053196897976,0.056666666666666664,1.3946564465114075
1723,0.3688,0.06399022971515259,0.3688,0.17350929966147663
1724,0.2836666666666667,0.02546992711927819,0.2836666666666667,0.08978822721249656
1725,0.9181587301587302,0.04727763006184708,0.9181587301587302,0.05149178296619124
1726,0.6403333333333333,0.0474922206476396,0.6403333333333333,0.07416796561318002
1727,4.8585714285714285,0.11912012297336794,4.8585714285714285,0.02451752016505662
1728,1.1733564668769716,0.06101406884647512,1.1733564668769716,0.05199960162905255
1729,0.9719613899613899,0.04971512140346587,0.9719613899613899,0.051149276007188674
1743,2.8512,0.33076406960170107,2.8512,0.11600872250340245
1744,1.904894472361809,0.18335851771231795,1.904894472361809,0.09625652253847869
1745,0.9303076923076923,0.04402881074348476,0.9303076923076923,0.047327148971829165
1746,3.620260869565217,0.24286275965569276,3.620260869565217,0.06708432580021778
1748,1.164,0.33365648998125785,1.164,0.28664646905606345
1749,0.136375,0.062087693130575834,0.136375,0.4552718103066972
1750,0.16664,0.04448672315505098,0.16664,0.26696305301878887
1751,0.6194285714285714,0.12557210292336352,0.6194285714285714,0.2027224908818138
1752,0.33256,0.02734486942312095,0.33256,0.08222537113038533
1753,5.397454545454545,0.07983238207879126,5.397454545454545,0.014790746528105907
1754,1.2461379310344827,0.07001955226178817,1.2461379310344827,0.05618924720769985
1755,1.0063931623931623,0.041168838819336695,1.0063931623931623,0.04090731173236398
1756,1.1223333333333334,0.4446433951280456,1.1223333333333334,0.39617766123674986
1770,0.10283870967741936,0.03484751949483183,0.10283870967741936,0.33885605531360935
1771,2.3916359338061466,0.14061109473605218,2.3916359338061466,0.058792850846774984
1772,1.8615924170616114,0.10990703949808867,1.8615924170616114,0.05903926041532172
1773,1.240629213483146,0.058898164560641855,1.240629213483146,0.04747442984619191
1774,5.256,0.9461788990555835,5.256,0.18001881641087966
1776,0.0246,0.04311098600389995,0.0246,1.7524791058495912
1777,0.11152631578947368,0.021487118133359566,0.11152631578947368,0.19266410784984983
1778,0.59,0.05376016471906724,0.59,0.09111892325265634
1779,0.4444736842105263,0.042392851573298716,0.4444736842105263,0.09537764119510665
1780,0.848,0.10700238907348202,0.848,0.12618206258665332
1781,1.3631875,0.05626388021799038,1.3631875,0.04127376477409775
1782,1.4582099447513812,0.04192021347219671,1.4582099447513812,0.028747721563059242
1783,1.0979757575757576,0.07178352776920725,1.0979757575757576,0.06537806256096175
1798,0.8351141552511415,0.026779445549171676,0.8351141552511415,0.032066808328878545
1799,2.9932391304347825,0.13011905785208955,2.9932391304347825,0.04347098650724546
1800,2.8617752808988763,0.4786522557164533,2.8617752808988763,0.16725710747145384
1801,6.397833333333334,0.5388422845051203,6.397833333333334,0.08422261982000993
1803,1.49,0.35203072172162686,1.49,0.23626222934337374
1804,0.04547826086956522,0.04403847500968459,0.04547826086956522,0.9683412287024336
1805,0.13521311475409836,0.02163673580850745,0.13521311475409836,0.16001950585826313
1806,0.7397333333333334,0.060825758351964014,0.7397333333333334,0.0822266019538086
1807,0.48673684210526313,0.06727303129607044,0.48673684210526313,0.13821232640844924
1808,1.024421052631579,0.07843952965982984,1.024421052631579,0.07656961896510311
1809,1.1366666666666667,0.02928772385080786,1.1366666666666667,0.02576632596845266
1810,1.5214347826086956,0.06716576726255795,1.5214347826086956,0.04414633346780307
1824,0,0,0,0
1825,2.2895692307692306,0.12227881741655743,2.2895692307692306,0.05340690981223363
1826,2.457606557377049,0.16276282614131418,2.457606557377049,0.06622818679122808
1827,10.153833333333333,0.5352101194541771,10.153833333333333,0.05271015407522713
1828,0,0,0,0
1829,0,0,0,0
1830,0,0,0,0
1831,0.1124424778761062,0.012921043912087943,0.1124424778761062,0.11491247930630706
1832,0.1915,0.06537428848706792,0.1915,0.34138009653821366
1833,0.5104545454545455,0.03927528364924705,0.5104545454545455,0.07694178453102717
1834,0.4931,0.022324577791015314,0.4931,0.045273935897414956
1835,0.7934477958236659,0.023487381970866097,0.7934477958236659,0.029601672718095096
1836,0.6585353159851302,0.041106775693690326,0.6585353159851302,0.062421520449813694
1837,1.7793333333333334,0.27831842287431263,1.7793333333333334,0.15641724777499771
1853,0,0,0,0
1854,4.632482758620689,0.37061660676642716,4.632482758620689,0.0800038825998302
1856,1.192,0.6035802039245353,1.192,0.5063592314803148
1857,0.22966666666666666,0.0987164338551114,0.22966666666666666,0.4298248208495417
1858,0.036076923076923076,0.016566481367321525,0.036076923076923076,0.45919884387031945
1859,0.11659715639810427,0.016110053529718296,0.11659715639810427,0.1381684942187855
1860,0.5465842696629214,0.05227312627271216,0.5465842696629214,0.09563598730155372
1861,0.3911428571428571,0.05869407378078293,0.3911428571428571,0.15005789498374014
1862,0.16695,0.02933715796861296,0.16695,0.17572421664338403
1863,0.3375665024630542,0.018749195971136598,0.3375665024630542,0.05554222896624244
1864,3.785,0.3522475787190408,3.785,0.09306408948983903
1881,6.769428571428572,0.48798504245567176,6.769428571428572,0.07208659302725916
1883,0,0,0,0
1884,0.828,0.284448862969467,0.828,0.34353727411771373
1885,0.4028,0.09842901623175074,0.4028,0.24436200653364137
1886,0.6552909090909091,0.06534752439838432,0.6552909090909091,0.09972292228048991
1887,0.3199259259259259,0.07125202777754966,0.3199259259259259,0.2227141410041492
1888,0.29584615384615387,0.017558438470230833,0.29584615384615387,0.05934989602522122
1889,0.4683414634146342,0.03119155506856498,0.4683414634146342,0.0666000290496388
1890,0.35370454545454544,0.01985950284941343,0.35370454545454544,0.056147151922777805
1891,2.4616463414634144,0.16168083467350977,2.4616463414634144,0.06567996058174334
1908,1.644,0.22791754036736275,1.644,0.1386359734594664
1909,0,0,0,0
1910,0.356,0.15144262854123655,0.356,0.4254006419697656
1911,0.4459591836734694,0.06171364042941947,0.4459591836734694,0.13838405551169478
1912,1.43526582278481,0.13145761498175684,1.43526582278481,0.09159112750744175
1913,0.6095900621118012,0.08129218973371383,0.6095900621118012,0.13335550361843745
1914,0.5147222222222222,0.02744158737981804,0.5147222222222222,0.053313391563596844
1915,0.3061728395061728,0.027097669402006443,0.3061728395061728,0.08850448474042429
1916,0.4002341463414634,0.020164623927652402,0.4002341463414634,0.050382067876959126
1917,2.269218181818182,0.12624477647152868,2.269218181818182,0.05563359992575799
1935,0,0,0,0
1936,0,0,0,0
1937,0.0963157894736842,0.07600245186820155,0.0963157894736842,0.7890964948064643
1938,0.3682666666666667,0.06103187511095427,0.3682666666666667,0.16572739439976722
1939,1.8689302325581396,0.07744022228075069,1.8689302325581396,0.04143558755253944
1940,1.478450331125828,0.0994145796391451,1.478450331125828,0.06724242103110878
1941,0.7387047619047619,0.035779790422504884,0.7387047619047619,0.04843584645406391
1942,0.355719298245614,0.04065698206837458,0.355719298245614,0.11429512615394315
1943,0.6245269461077845,0.0835378993803735,0.6245269461077845,0.13376188153450155
1944,0.70329203539823,0.031536431898409045,0.70329203539823,0.04484116172388039
1945,1.158842105263158,0.05052409638974675,1.158842105263158,0.04359877515692562
1963,0.097,0.13086348039465406,0.097,1.349108045305712
1964,0.20243478260869566,0.06194276654163387,0.20243478260869566,0.3059887522460436
1965,0.5803,0.13042596315046884,0.5803,0.22475609710575362
1966,1.5581363636363637,0.1188907207398056,1.5581363636363637,0.07630315517593055
1967,1.5656709956709958,0.11113484282021045,1.5656709956709958,0.07098224539350406
1968,0.442,0.05318247846493888,0.442,0.1203223494681875
1969,0.34178947368421053,0.06516610058268808,0.34178947368421053,0.1906615200294231
1970,0.6485633802816901,0.05625451768744389,0.6485633802816901,0.08673711683044902
1971,0.4017915057915058,0.011036830979235863,0.4017915057915058,0.027469050042493934
1972,1.2667388535031847,0.056624591561771846,1.2667388535031847,0.04470107742031889
1989,0,0,0,0
1990,0.9264444444444444,0.26054912351724635,0.9264444444444444,0.28123556148419493
1991,0.5497014925373134,0.064067852035716,0.5497014925373134,0.11655026028761803
1992,1.0664,0.20928123966220452,1.0664,0.1962502247395016
1993,2.065339805825243,0.1341940028027865,2.065339805825243,0.06497429741309176
1994,1.0315294117647058,0.08572589636777582,1.0315294117647058,0.08310562490033012
1995,1.5385245901639344,0.07827950768502608,1.5385245901639344,0.050879594765973264
1996,0.8541827956989247,0.05025598471809274,0.8541827956989247,0.05883516382107812
1997,0.2770903426791277,0.017076419495929383,0.2770903426791277,0.061627624156154664
1998,1.1920751173708921,0.045383095367770056,1.1920751173708921,0.038070667449096623
1999,0.07555555555555556,0.053293980879932666,0.07555555555555556,0.7053615116461677
2018,0.8835,0.08182198910227848,0.8835,0.09261119309822126
2019,0.3077142857142857,0.15893520172609918,0.3077142857142857,0.51650251257321
2020,1.5613131313131312,0.1557642222987985,1.5613131313131312,0.09976488327347513
2021,1.7112964824120602,0.18967096835083902,1.7112964824120602,0.11083466266669299
2022,1.3082471910112359,0.13747458297277348,1.3082471910112359,0.10508303317395985
2023,1.0637894736842106,0.06806386119753209,1.0637894736842106,0.0639824541239417
2024,0.8982538699690402,0.03428220968183588,0.8982538699690402,0.038165390462517546
2025,0.8110625,0.04160263010879835,0.8110625,0.05129398795875576
2026,0.6056,0.031067684096539906,0.6056,0.051300667266413316
2045,0.04725,0.06054249157883367,0.04725,1.281322573097009
2046,0.8696153846153846,0.07177860573882068,0.8696153846153846,0.08254063463995302
2047,1.317825641025641,0.18639326182006255,1.317825641025641,0.14144000239287793
2048,1.2706138613861386,0.13672085834650868,1.2706138613861386,0.10760220905929446
2049,0.7784470588235294,0.07769249828717505,0.7784470588235294,0.09980447277248639
2050,2.120191304347826,0.14086612189583458,2.120191304347826,0.06644028848102705
2051,1.1085992779783393,0.041647171814166425,1.1085992779783393,0.037567381326564564
2052,0.6262885572139304,0.038130368514438205,0.6262885572139304,0.06088306751773123
2053,0.8334090909090909,0.051618519012012136,0.8334090909090909,0.06193659221512228
2072,0.24359999999999998,0.0961119921240847,0.24359999999999998,0.39454840773433786
2073,0.7672631578947369,0.08696764058159609,0.7672631578947369,0.11334786466252748
2074,0.517726872246696,0.08605641362615701,0.517726872246696,0.16621971591451656
2075,0.7288837209302326,0.06298185763746146,0.7288837209302326,0.08640864904635451
2076,3.4456744186046513,0.25051395550754296,3.4456744186046513,0.07270389626916354
2077,1.2518888888888888,0.09049590403395878,1.2518888888888888,0.07228748879964757
2078,0.6688373493975903,0.026098530891162555,0.6688373493975903,0.039020743854494715
2079,0.6199466666666666,0.046251582748077856,0.6199466666666666,0.07460574471149861
2080,1.167626168224299,0.11995916372946674,1.167626168224299,0.10273764582708701
2099,0,0,0,0
2100,0.6256666666666667,0.19502296480797812,0.6256666666666667,0.311704259149672
2101,0.5631612903225807,0.15354822140884394,0.5631612903225807,0.2726540762787354
2102,1.044795918367347,0.10691104509490512,1.044795918367347,0.1023272040170007
2103,0.7657391304347826,0.08135233979467978,0.7657391304347826,0.10624028022244122
2104,2.0390760869565216,0.13475273981691707,2.0390760869565216,0.06608519450495147
2105,0.8258297872340425,0.0690866855049686,0.8258297872340425,0.08365729424263216
2106,0.7244285714285714,0.09441497366811409,0.7244285714285714,0.1303302732551368
2107,0.7306448087431694,0.042503593379571276,0.7306448087431694,0.058172716579872136
2127,0.05971428571428571,0.09520807810193188,0.05971428571428571,1.5943936524246967
2128,0,0,0,0
2130,0.2418550724637681,0.044418440715635096,0.2418550724637681,0.18365726326574913
2131,0.7180921052631579,0.0848861310871517,0.7180921052631579,0.1182106452152731
2132,1.1042127659574468,0.12039468429703795,1.1042127659574468,0.10903214308761
2133,0.7657370892018779,0.09787497491861,0.7657370892018779,0.12781798909678563
2134,0.5903963133640553,0.08634285275732241,0.5903963133640553,0.1462455825060021
2153,0,0,0,0
2156,0,0,0,0
2157,0.9732,0.2073482788635412,0.9732,0.21305823968715704
2158,0.5029732620320856,0.06999988951802405,0.5029732620320856,0.1391721882694405
2159,0.8538360655737705,0.07456662208038327,0.8538360655737705,0.08733130993977765
2160,0.828763358778626,0.10063749540667516,0.828763358778626,0.12143091793414676
2161,0.6324307692307692,0.12135798242594187,0.6324307692307692,0.19189133155799895
2185,0.5998333333333333,0.31937626217068904,0.5998333333333333,0.5324416707485785
2186,1.1074324324324325,0.3006575576112302,1.1074324324324325,0.2714906560491889
2187,1.1958076923076923,0.1993371639443719,1.1958076923076923,0.16669667307431954
2188,1.2290222222222222,0.22573527320265324,1.2290222222222222,0.18367061971792203
2191,1.0287368421052632,0.15339982472528413,1.0287368421052632,0.14911473804258663
2196,4.931333333333333,0.7433789987500834,4.931333333333333,0.15074604544073614
2225,0,0,0,0
2226,1.9092,0.5537948514341298,1.9092,0.29006644219260935
2253,0.247,0.25023235695035495,0.247,1.0130864653860525
2254,1.931,1.1077876090539862,1.931,0.5736859705095734
2281,0.6983333333333334,0.22345114989261575,0.6983333333333334,0.3199777802758221
2308,0.056,0.23015199299541056,0.056,4.109857017775188
10962,1.0643216783216782,0.13666322501633307,1.0643216783216782,0.12840406035122426
10963,1.4002127659574468,0.18451275640276862,1.4002127659574468,0.13177479943671366
10988,0.94525,0.5717297765332409,0.94525,0.6048450426164939
10989,3.0320337078651685,0.33564018330970846,3.0320337078651685,0.11069803823059413
11016,1.4245,0.15898077415196915,1.4245,0.11160461505929739
11017,1.531,0.3319474812779414,1.531,0.21681742735332554
11044,2.0134545454545454,0.18951546366722857,2.0134545454545454,0.09412453044697103
11070,0.7213846153846154,0.28023298969365934,0.7213846153846154,0.38846543676877493
11071,0,0,0,0
11098,0.8168965517241379,0.2199103765261843,0.8168965517241379,0.2692022338226824
11125,0.09808695652173913,0.06832318957476742,0.09808695652173913,0.6965573405228949
11152,0.766,1.0870175777920326,0.766,1.419082999728502
11179,1.3493333333333333,1.8218867779728778,1.3493333333333333,1.3502125330826664
20760,0.362,0.481060118566641,0.362,1.3288953551564668
20814,0.37,0.4832878379067045,0.37,1.306183345693796
